﻿<?xml version="1.0"?>
<doc>
<assembly>
<name>
The SARK VoicePad
</name>
</assembly>
<members>
<member name="T:The_SARK_VoicePad.My.Resources.Resources">
<summary>
  A strongly-typed resource class, for looking up localized strings, etc.
</summary>
</member>
<member name="P:The_SARK_VoicePad.My.Resources.Resources.ResourceManager">
<summary>
  Returns the cached ResourceManager instance used by this class.
</summary>
</member>
<member name="P:The_SARK_VoicePad.My.Resources.Resources.Culture">
<summary>
  Overrides the current thread's CurrentUICulture property for all
  resource lookups using this strongly typed resource class.
</summary>
</member>
<member name="P:The_SARK_VoicePad.My.Resources.Resources.Calendar_48x48">
<summary>
  Looks up a localized resource of type System.Drawing.Bitmap.
</summary>
</member>
<member name="P:The_SARK_VoicePad.My.Resources.Resources.Copy_48x48">
<summary>
  Looks up a localized resource of type System.Drawing.Bitmap.
</summary>
</member>
<member name="P:The_SARK_VoicePad.My.Resources.Resources.Cut_48x48">
<summary>
  Looks up a localized resource of type System.Drawing.Bitmap.
</summary>
</member>
<member name="P:The_SARK_VoicePad.My.Resources.Resources.Delete_48x48">
<summary>
  Looks up a localized resource of type System.Drawing.Bitmap.
</summary>
</member>
<member name="P:The_SARK_VoicePad.My.Resources.Resources.Find_48x48">
<summary>
  Looks up a localized resource of type System.Drawing.Bitmap.
</summary>
</member>
<member name="P:The_SARK_VoicePad.My.Resources.Resources.Help_48x48">
<summary>
  Looks up a localized resource of type System.Drawing.Bitmap.
</summary>
</member>
<member name="P:The_SARK_VoicePad.My.Resources.Resources.New_48x48">
<summary>
  Looks up a localized resource of type System.Drawing.Bitmap.
</summary>
</member>
<member name="P:The_SARK_VoicePad.My.Resources.Resources.Open_48x48">
<summary>
  Looks up a localized resource of type System.Drawing.Bitmap.
</summary>
</member>
<member name="P:The_SARK_VoicePad.My.Resources.Resources.Paste_48x48">
<summary>
  Looks up a localized resource of type System.Drawing.Bitmap.
</summary>
</member>
<member name="P:The_SARK_VoicePad.My.Resources.Resources.Preview_48x48">
<summary>
  Looks up a localized resource of type System.Drawing.Bitmap.
</summary>
</member>
<member name="P:The_SARK_VoicePad.My.Resources.Resources.Previous_16x16">
<summary>
  Looks up a localized resource of type System.Drawing.Bitmap.
</summary>
</member>
<member name="P:The_SARK_VoicePad.My.Resources.Resources.Print_48x48">
<summary>
  Looks up a localized resource of type System.Drawing.Bitmap.
</summary>
</member>
<member name="P:The_SARK_VoicePad.My.Resources.Resources.Save_48x48">
<summary>
  Looks up a localized resource of type System.Drawing.Bitmap.
</summary>
</member>
<member name="P:The_SARK_VoicePad.My.Resources.Resources.Search_48x48">
<summary>
  Looks up a localized resource of type System.Drawing.Bitmap.
</summary>
</member>
<member name="P:The_SARK_VoicePad.My.Resources.Resources.Settings_48x48">
<summary>
  Looks up a localized resource of type System.Drawing.Bitmap.
</summary>
</member>
<member name="P:The_SARK_VoicePad.My.Resources.Resources.Undo_48x48">
<summary>
  Looks up a localized resource of type System.Drawing.Bitmap.
</summary>
</member>
<member name="P:The_SARK_VoicePad.My.Resources.Resources.voice_in">
<summary>
  Looks up a localized resource of type System.Drawing.Bitmap.
</summary>
</member>
<member name="P:The_SARK_VoicePad.My.Resources.Resources.voice_out">
<summary>
  Looks up a localized resource of type System.Drawing.Bitmap.
</summary>
</member>
<member name="P:The_SARK_VoicePad.My.Resources.Resources.voicepad_image">
<summary>
  Looks up a localized resource of type System.Drawing.Bitmap.
</summary>
</member>
<member name="P:The_SARK_VoicePad.My.Resources.Resources.Zoom_In_48x48">
<summary>
  Looks up a localized resource of type System.Drawing.Bitmap.
</summary>
</member>
<member name="P:The_SARK_VoicePad.My.Resources.Resources.Zoom_Out_48x48">
<summary>
  Looks up a localized resource of type System.Drawing.Bitmap.
</summary>
</member>
</members>
</doc>
